season_id,event_id,match_url
78478,14195487,https://www.sofascore.com/football/match/albirex-niigata-singapore-balestier-khalsa/OkbsGGn#id:14195487
78478,14195482,https://www.sofascore.com/football/match/albirex-niigata-singapore-geylang-international/UkbsGGn#id:14195482
78478,14254081,https://www.sofascore.com/football/match/albirex-niigata-singapore-geylang-international/UkbsGGn#id:14254081
78478,14195505,https://www.sofascore.com/football/match/albirex-niigata-singapore-lion-city-sailors/QkbsGGn#id:14195505
78478,14254830,https://www.sofascore.com/football/match/albirex-niigata-singapore-tampines-rovers/TkbsGGn#id:14254830
78478,14195502,https://www.sofascore.com/football/match/balestier-khalsa-tanjong-pagar-united/NkbsOkb#id:14195502
78478,15035359,https://www.sofascore.com/football/match/bournemouth-manchester-united/Kkb#id:15035359
78478,15200524,https://www.sofascore.com/football/match/cf-talavera-real-madrid/EgbstQFb#id:15200524
78478,14025220,https://www.sofascore.com/football/match/everton-arsenal/RY#id:14025220
78478,14195506,https://www.sofascore.com/football/match/geylang-international-balestier-khalsa/OkbsUkb#id:14195506
78478,14195485,https://www.sofascore.com/football/match/geylang-international-tampines-rovers/TkbsUkb#id:14195485
78478,14195518,https://www.sofascore.com/football/match/geylang-international-tanjong-pagar-united/NkbsUkb#id:14195518
78478,15200513,https://www.sofascore.com/football/match/guadalajara-barcelona/rgbsFLj#id:15200513
78478,14195521,https://www.sofascore.com/football/match/hougang-united-albirex-niigata-singapore/GGnsIGn#id:14195521
78478,14296929,https://www.sofascore.com/football/match/hougang-united-geylang-international/UkbsIGn#id:14296929
78478,14195515,https://www.sofascore.com/football/match/hougang-united-lion-city-sailors/QkbsIGn#id:14195515
78478,14195504,https://www.sofascore.com/football/match/hougang-united-tampines-rovers/TkbsIGn#id:14195504
78478,14195509,https://www.sofascore.com/football/match/hougang-united-tanjong-pagar-united/NkbsIGn#id:14195509
78478,14211926,https://www.sofascore.com/football/match/lion-city-sailors-balestier-khalsa/OkbsQkb#id:14211926
78478,14254390,https://www.sofascore.com/football/match/lion-city-sailors-balestier-khalsa/OkbsQkb#id:14254390
78478,14254859,https://www.sofascore.com/football/match/lion-city-sailors-tanjong-pagar-united/NkbsQkb#id:14254859
78478,14025230,https://www.sofascore.com/football/match/liverpool-tottenham-hotspur/IsU#id:14025230
78478,14025228,https://www.sofascore.com/football/match/newcastle-united-chelsea/NO#id:14025228
78478,14083185,https://www.sofascore.com/football/match/sevilla-real-madrid/EgbsIgb#id:14083185
78478,14195499,https://www.sofascore.com/football/match/tampines-rovers-balestier-khalsa/OkbsTkb#id:14195499
78478,14195508,https://www.sofascore.com/football/match/tampines-rovers-lion-city-sailors/QkbsTkb#id:14195508
78478,14195484,https://www.sofascore.com/football/match/tampines-rovers-tanjong-pagar-united/NkbsTkb#id:14195484
78478,14254080,https://www.sofascore.com/football/match/tampines-rovers-tanjong-pagar-united/NkbsTkb#id:14254080
78478,14025226,https://www.sofascore.com/football/match/west-ham-united-manchester-city/rM#id:14025226
78478,14195507,https://www.sofascore.com/football/match/young-lions-albirex-niigata-singapore/GGnsHGn#id:14195507
78478,14292002,https://www.sofascore.com/football/match/young-lions-balestier-khalsa/OkbsHGn#id:14292002
78478,14195503,https://www.sofascore.com/football/match/young-lions-geylang-international/UkbsHGn#id:14195503
78478,14195520,https://www.sofascore.com/football/match/young-lions-lion-city-sailors/QkbsHGn#id:14195520
78478,14195516,https://www.sofascore.com/football/match/young-lions-tanjong-pagar-united/NkbsHGn#id:14195516
78478,14689646,https://www.sofascore.com/football/match/young-lions-tanjong-pagar-united/NkbsHGn#id:14689646
59708,12246916,https://www.sofascore.com/football/match/albirex-niigata-singapore-balestier-khalsa/OkbsGGn#id:12246916
59708,12246951,https://www.sofascore.com/football/match/albirex-niigata-singapore-balestier-khalsa/OkbsGGn#id:12246951
59708,12246992,https://www.sofascore.com/football/match/albirex-niigata-singapore-balestier-khalsa/OkbsGGn#id:12246992
59708,12247028,https://www.sofascore.com/football/match/albirex-niigata-singapore-balestier-khalsa/OkbsGGn#id:12247028
59708,12246958,https://www.sofascore.com/football/match/albirex-niigata-singapore-geylang-international/UkbsGGn#id:12246958
59708,12246999,https://www.sofascore.com/football/match/albirex-niigata-singapore-geylang-international/UkbsGGn#id:12246999
59708,12247037,https://www.sofascore.com/football/match/albirex-niigata-singapore-geylang-international/UkbsGGn#id:12247037
59708,12246925,https://www.sofascore.com/football/match/albirex-niigata-singapore-lion-city-sailors/QkbsGGn#id:12246925
59708,12246972,https://www.sofascore.com/football/match/albirex-niigata-singapore-lion-city-sailors/QkbsGGn#id:12246972
59708,12247045,https://www.sofascore.com/football/match/albirex-niigata-singapore-lion-city-sailors/QkbsGGn#id:12247045
59708,12246950,https://www.sofascore.com/football/match/albirex-niigata-singapore-tampines-rovers/TkbsGGn#id:12246950
59708,12246990,https://www.sofascore.com/football/match/albirex-niigata-singapore-tampines-rovers/TkbsGGn#id:12246990
59708,12247022,https://www.sofascore.com/football/match/albirex-niigata-singapore-tampines-rovers/TkbsGGn#id:12247022
59708,12247056,https://www.sofascore.com/football/match/albirex-niigata-singapore-tampines-rovers/TkbsGGn#id:12247056
59708,12246955,https://www.sofascore.com/football/match/albirex-niigata-singapore-tanjong-pagar-united/NkbsGGn#id:12246955
59708,12246993,https://www.sofascore.com/football/match/albirex-niigata-singapore-tanjong-pagar-united/NkbsGGn#id:12246993
59708,12247034,https://www.sofascore.com/football/match/albirex-niigata-singapore-tanjong-pagar-united/NkbsGGn#id:12247034
59708,12246940,https://www.sofascore.com/football/match/balestier-khalsa-tanjong-pagar-united/NkbsOkb#id:12246940
59708,12246983,https://www.sofascore.com/football/match/balestier-khalsa-tanjong-pagar-united/NkbsOkb#id:12246983
59708,12247021,https://www.sofascore.com/football/match/balestier-khalsa-tanjong-pagar-united/NkbsOkb#id:12247021
59708,12247054,https://www.sofascore.com/football/match/balestier-khalsa-tanjong-pagar-united/NkbsOkb#id:12247054
59708,15035359,https://www.sofascore.com/football/match/bournemouth-manchester-united/Kkb#id:15035359
59708,12246932,https://www.sofascore.com/football/match/brunei-dpmm-fc-albirex-niigata-singapore/GGnsKGn#id:12246932
59708,12246981,https://www.sofascore.com/football/match/brunei-dpmm-fc-albirex-niigata-singapore/GGnsKGn#id:12246981
59708,12247016,https://www.sofascore.com/football/match/brunei-dpmm-fc-albirex-niigata-singapore/GGnsKGn#id:12247016
59708,12247051,https://www.sofascore.com/football/match/brunei-dpmm-fc-albirex-niigata-singapore/GGnsKGn#id:12247051
59708,12246971,https://www.sofascore.com/football/match/brunei-dpmm-fc-balestier-khalsa/OkbsKGn#id:12246971
59708,12246998,https://www.sofascore.com/football/match/brunei-dpmm-fc-balestier-khalsa/OkbsKGn#id:12246998
59708,12247039,https://www.sofascore.com/football/match/brunei-dpmm-fc-balestier-khalsa/OkbsKGn#id:12247039
59708,12246964,https://www.sofascore.com/football/match/brunei-dpmm-fc-geylang-international/UkbsKGn#id:12246964
59708,12247042,https://www.sofascore.com/football/match/brunei-dpmm-fc-geylang-international/UkbsKGn#id:12247042
59708,13780842,https://www.sofascore.com/football/match/brunei-dpmm-fc-geylang-international/UkbsKGn#id:13780842
59708,12246924,https://www.sofascore.com/football/match/brunei-dpmm-fc-hougang-united/IGnsKGn#id:12246924
59708,12246954,https://www.sofascore.com/football/match/brunei-dpmm-fc-hougang-united/IGnsKGn#id:12246954
59708,12246997,https://www.sofascore.com/football/match/brunei-dpmm-fc-hougang-united/IGnsKGn#id:12246997
59708,12247029,https://www.sofascore.com/football/match/brunei-dpmm-fc-hougang-united/IGnsKGn#id:12247029
59708,12246936,https://www.sofascore.com/football/match/brunei-dpmm-fc-lion-city-sailors/QkbsKGn#id:12246936
59708,12246978,https://www.sofascore.com/football/match/brunei-dpmm-fc-lion-city-sailors/QkbsKGn#id:12246978
59708,12247012,https://www.sofascore.com/football/match/brunei-dpmm-fc-lion-city-sailors/QkbsKGn#id:12247012
59708,12247046,https://www.sofascore.com/football/match/brunei-dpmm-fc-lion-city-sailors/QkbsKGn#id:12247046
59708,12404673,https://www.sofascore.com/football/match/brunei-dpmm-fc-lion-city-sailors/QkbsKGn#id:12404673
59708,12246960,https://www.sofascore.com/football/match/brunei-dpmm-fc-tampines-rovers/TkbsKGn#id:12246960
59708,12246996,https://www.sofascore.com/football/match/brunei-dpmm-fc-tampines-rovers/TkbsKGn#id:12246996
59708,12247033,https://www.sofascore.com/football/match/brunei-dpmm-fc-tampines-rovers/TkbsKGn#id:12247033
59708,12246965,https://www.sofascore.com/football/match/brunei-dpmm-fc-tanjong-pagar-united/NkbsKGn#id:12246965
59708,12247002,https://www.sofascore.com/football/match/brunei-dpmm-fc-tanjong-pagar-united/NkbsKGn#id:12247002
59708,12247047,https://www.sofascore.com/football/match/brunei-dpmm-fc-tanjong-pagar-united/NkbsKGn#id:12247047
59708,12246944,https://www.sofascore.com/football/match/brunei-dpmm-fc-young-lions/HGnsKGn#id:12246944
59708,12246989,https://www.sofascore.com/football/match/brunei-dpmm-fc-young-lions/HGnsKGn#id:12246989
59708,12247017,https://www.sofascore.com/football/match/brunei-dpmm-fc-young-lions/HGnsKGn#id:12247017
59708,12247063,https://www.sofascore.com/football/match/brunei-dpmm-fc-young-lions/HGnsKGn#id:12247063
59708,15200524,https://www.sofascore.com/football/match/cf-talavera-real-madrid/EgbstQFb#id:15200524
59708,14025220,https://www.sofascore.com/football/match/everton-arsenal/RY#id:14025220
59708,12246945,https://www.sofascore.com/football/match/geylang-international-balestier-khalsa/OkbsUkb#id:12246945
59708,12246988,https://www.sofascore.com/football/match/geylang-international-balestier-khalsa/OkbsUkb#id:12246988
59708,12247019,https://www.sofascore.com/football/match/geylang-international-balestier-khalsa/OkbsUkb#id:12247019
59708,12247062,https://www.sofascore.com/football/match/geylang-international-balestier-khalsa/OkbsUkb#id:12247062
59708,12246962,https://www.sofascore.com/football/match/geylang-international-lion-city-sailors/QkbsUkb#id:12246962
59708,12247003,https://www.sofascore.com/football/match/geylang-international-lion-city-sailors/QkbsUkb#id:12247003
59708,12247043,https://www.sofascore.com/football/match/geylang-international-lion-city-sailors/QkbsUkb#id:12247043
59708,12246948,https://www.sofascore.com/football/match/geylang-international-tampines-rovers/TkbsUkb#id:12246948
59708,12246979,https://www.sofascore.com/football/match/geylang-international-tampines-rovers/TkbsUkb#id:12246979
59708,12247026,https://www.sofascore.com/football/match/geylang-international-tampines-rovers/TkbsUkb#id:12247026
59708,12247057,https://www.sofascore.com/football/match/geylang-international-tampines-rovers/TkbsUkb#id:12247057
59708,12246917,https://www.sofascore.com/football/match/geylang-international-tanjong-pagar-united/NkbsUkb#id:12246917
59708,12246947,https://www.sofascore.com/football/match/geylang-international-tanjong-pagar-united/NkbsUkb#id:12246947
59708,12246995,https://www.sofascore.com/football/match/geylang-international-tanjong-pagar-united/NkbsUkb#id:12246995
59708,12247027,https://www.sofascore.com/football/match/geylang-international-tanjong-pagar-united/NkbsUkb#id:12247027
59708,15200513,https://www.sofascore.com/football/match/guadalajara-barcelona/rgbsFLj#id:15200513
59708,12246942,https://www.sofascore.com/football/match/hougang-united-albirex-niigata-singapore/GGnsIGn#id:12246942
59708,12246985,https://www.sofascore.com/football/match/hougang-united-albirex-niigata-singapore/GGnsIGn#id:12246985
59708,12247023,https://www.sofascore.com/football/match/hougang-united-albirex-niigata-singapore/GGnsIGn#id:12247023
59708,12247055,https://www.sofascore.com/football/match/hougang-united-albirex-niigata-singapore/GGnsIGn#id:12247055
59708,12246922,https://www.sofascore.com/football/match/hougang-united-balestier-khalsa/OkbsIGn#id:12246922
59708,12246970,https://www.sofascore.com/football/match/hougang-united-balestier-khalsa/OkbsIGn#id:12246970
59708,12247049,https://www.sofascore.com/football/match/hougang-united-balestier-khalsa/OkbsIGn#id:12247049
59708,12246941,https://www.sofascore.com/football/match/hougang-united-geylang-international/UkbsIGn#id:12246941
59708,12246975,https://www.sofascore.com/football/match/hougang-united-geylang-international/UkbsIGn#id:12246975
59708,12247018,https://www.sofascore.com/football/match/hougang-united-geylang-international/UkbsIGn#id:12247018
59708,12247053,https://www.sofascore.com/football/match/hougang-united-geylang-international/UkbsIGn#id:12247053
59708,12246949,https://www.sofascore.com/football/match/hougang-united-lion-city-sailors/QkbsIGn#id:12246949
59708,12246987,https://www.sofascore.com/football/match/hougang-united-lion-city-sailors/QkbsIGn#id:12246987
59708,12247025,https://www.sofascore.com/football/match/hougang-united-lion-city-sailors/QkbsIGn#id:12247025
59708,12247060,https://www.sofascore.com/football/match/hougang-united-lion-city-sailors/QkbsIGn#id:12247060
59708,12246974,https://www.sofascore.com/football/match/hougang-united-tampines-rovers/TkbsIGn#id:12246974
59708,12247008,https://www.sofascore.com/football/match/hougang-united-tampines-rovers/TkbsIGn#id:12247008
59708,12247035,https://www.sofascore.com/football/match/hougang-united-tampines-rovers/TkbsIGn#id:12247035
59708,12246933,https://www.sofascore.com/football/match/hougang-united-tanjong-pagar-united/NkbsIGn#id:12246933
59708,12246986,https://www.sofascore.com/football/match/hougang-united-tanjong-pagar-united/NkbsIGn#id:12246986
59708,12247014,https://www.sofascore.com/football/match/hougang-united-tanjong-pagar-united/NkbsIGn#id:12247014
59708,12247050,https://www.sofascore.com/football/match/hougang-united-tanjong-pagar-united/NkbsIGn#id:12247050
59708,13780782,https://www.sofascore.com/football/match/hougang-united-tanjong-pagar-united/NkbsIGn#id:13780782
59708,12246956,https://www.sofascore.com/football/match/hougang-united-young-lions/HGnsIGn#id:12246956
59708,12247005,https://www.sofascore.com/football/match/hougang-united-young-lions/HGnsIGn#id:12247005
59708,12247036,https://www.sofascore.com/football/match/hougang-united-young-lions/HGnsIGn#id:12247036
59708,12246959,https://www.sofascore.com/football/match/lion-city-sailors-balestier-khalsa/OkbsQkb#id:12246959
59708,12246994,https://www.sofascore.com/football/match/lion-city-sailors-balestier-khalsa/OkbsQkb#id:12246994
59708,12247031,https://www.sofascore.com/football/match/lion-city-sailors-balestier-khalsa/OkbsQkb#id:12247031
59708,12246961,https://www.sofascore.com/football/match/lion-city-sailors-tanjong-pagar-united/NkbsQkb#id:12246961
59708,12247000,https://www.sofascore.com/football/match/lion-city-sailors-tanjong-pagar-united/NkbsQkb#id:12247000
59708,12247032,https://www.sofascore.com/football/match/lion-city-sailors-tanjong-pagar-united/NkbsQkb#id:12247032
59708,14025230,https://www.sofascore.com/football/match/liverpool-tottenham-hotspur/IsU#id:14025230
59708,14025228,https://www.sofascore.com/football/match/newcastle-united-chelsea/NO#id:14025228
59708,14083185,https://www.sofascore.com/football/match/sevilla-real-madrid/EgbsIgb#id:14083185
59708,12246929,https://www.sofascore.com/football/match/tampines-rovers-balestier-khalsa/OkbsTkb#id:12246929
59708,12246980,https://www.sofascore.com/football/match/tampines-rovers-balestier-khalsa/OkbsTkb#id:12246980
59708,12247006,https://www.sofascore.com/football/match/tampines-rovers-balestier-khalsa/OkbsTkb#id:12247006
59708,12247061,https://www.sofascore.com/football/match/tampines-rovers-balestier-khalsa/OkbsTkb#id:12247061
59708,13780797,https://www.sofascore.com/football/match/tampines-rovers-balestier-khalsa/OkbsTkb#id:13780797
59708,12246910,https://www.sofascore.com/football/match/tampines-rovers-lion-city-sailors/QkbsTkb#id:12246910
59708,12246953,https://www.sofascore.com/football/match/tampines-rovers-lion-city-sailors/QkbsTkb#id:12246953
59708,12246991,https://www.sofascore.com/football/match/tampines-rovers-lion-city-sailors/QkbsTkb#id:12246991
59708,12247030,https://www.sofascore.com/football/match/tampines-rovers-lion-city-sailors/QkbsTkb#id:12247030
59708,12246939,https://www.sofascore.com/football/match/tampines-rovers-tanjong-pagar-united/NkbsTkb#id:12246939
59708,12246973,https://www.sofascore.com/football/match/tampines-rovers-tanjong-pagar-united/NkbsTkb#id:12246973
59708,12247020,https://www.sofascore.com/football/match/tampines-rovers-tanjong-pagar-united/NkbsTkb#id:12247020
59708,12247044,https://www.sofascore.com/football/match/tampines-rovers-tanjong-pagar-united/NkbsTkb#id:12247044
59708,14025226,https://www.sofascore.com/football/match/west-ham-united-manchester-city/rM#id:14025226
59708,12246935,https://www.sofascore.com/football/match/young-lions-albirex-niigata-singapore/GGnsHGn#id:12246935
59708,12246967,https://www.sofascore.com/football/match/young-lions-albirex-niigata-singapore/GGnsHGn#id:12246967
59708,12247015,https://www.sofascore.com/football/match/young-lions-albirex-niigata-singapore/GGnsHGn#id:12247015
59708,12247048,https://www.sofascore.com/football/match/young-lions-albirex-niigata-singapore/GGnsHGn#id:12247048
59708,12246963,https://www.sofascore.com/football/match/young-lions-balestier-khalsa/OkbsHGn#id:12246963
59708,12247001,https://www.sofascore.com/football/match/young-lions-balestier-khalsa/OkbsHGn#id:12247001
59708,12247040,https://www.sofascore.com/football/match/young-lions-balestier-khalsa/OkbsHGn#id:12247040
59708,12246934,https://www.sofascore.com/football/match/young-lions-geylang-international/UkbsHGn#id:12246934
59708,12246976,https://www.sofascore.com/football/match/young-lions-geylang-international/UkbsHGn#id:12246976
59708,12247013,https://www.sofascore.com/football/match/young-lions-geylang-international/UkbsHGn#id:12247013
59708,12247052,https://www.sofascore.com/football/match/young-lions-geylang-international/UkbsHGn#id:12247052
59708,13786408,https://www.sofascore.com/football/match/young-lions-geylang-international/UkbsHGn#id:13786408
59708,12246943,https://www.sofascore.com/football/match/young-lions-lion-city-sailors/QkbsHGn#id:12246943
59708,12246982,https://www.sofascore.com/football/match/young-lions-lion-city-sailors/QkbsHGn#id:12246982
59708,12247024,https://www.sofascore.com/football/match/young-lions-lion-city-sailors/QkbsHGn#id:12247024
59708,12247058,https://www.sofascore.com/football/match/young-lions-lion-city-sailors/QkbsHGn#id:12247058
59708,13781769,https://www.sofascore.com/football/match/young-lions-lion-city-sailors/QkbsHGn#id:13781769
59708,12246966,https://www.sofascore.com/football/match/young-lions-tampines-rovers/TkbsHGn#id:12246966
59708,12247004,https://www.sofascore.com/football/match/young-lions-tampines-rovers/TkbsHGn#id:12247004
59708,12247038,https://www.sofascore.com/football/match/young-lions-tampines-rovers/TkbsHGn#id:12247038
59708,12246969,https://www.sofascore.com/football/match/young-lions-tanjong-pagar-united/NkbsHGn#id:12246969
59708,12247041,https://www.sofascore.com/football/match/young-lions-tanjong-pagar-united/NkbsHGn#id:12247041
59708,13780850,https://www.sofascore.com/football/match/young-lions-tanjong-pagar-united/NkbsHGn#id:13780850
48772,11041342,https://www.sofascore.com/football/match/albirex-niigata-singapore-balestier-khalsa/OkbsGGn#id:11041342
48772,11041362,https://www.sofascore.com/football/match/albirex-niigata-singapore-balestier-khalsa/OkbsGGn#id:11041362
48772,11041382,https://www.sofascore.com/football/match/albirex-niigata-singapore-balestier-khalsa/OkbsGGn#id:11041382
48772,11041344,https://www.sofascore.com/football/match/albirex-niigata-singapore-geylang-international/UkbsGGn#id:11041344
48772,11041383,https://www.sofascore.com/football/match/albirex-niigata-singapore-geylang-international/UkbsGGn#id:11041383
48772,11041387,https://www.sofascore.com/football/match/albirex-niigata-singapore-geylang-international/UkbsGGn#id:11041387
48772,11041309,https://www.sofascore.com/football/match/albirex-niigata-singapore-lion-city-sailors/QkbsGGn#id:11041309
48772,11041389,https://www.sofascore.com/football/match/albirex-niigata-singapore-lion-city-sailors/QkbsGGn#id:11041389
48772,11041403,https://www.sofascore.com/football/match/albirex-niigata-singapore-lion-city-sailors/QkbsGGn#id:11041403
48772,11041328,https://www.sofascore.com/football/match/albirex-niigata-singapore-tampines-rovers/TkbsGGn#id:11041328
48772,11041350,https://www.sofascore.com/football/match/albirex-niigata-singapore-tampines-rovers/TkbsGGn#id:11041350
48772,11041385,https://www.sofascore.com/football/match/albirex-niigata-singapore-tampines-rovers/TkbsGGn#id:11041385
48772,11041308,https://www.sofascore.com/football/match/albirex-niigata-singapore-tanjong-pagar-united/NkbsGGn#id:11041308
48772,11041378,https://www.sofascore.com/football/match/albirex-niigata-singapore-tanjong-pagar-united/NkbsGGn#id:11041378
48772,11041401,https://www.sofascore.com/football/match/albirex-niigata-singapore-tanjong-pagar-united/NkbsGGn#id:11041401
48772,11041358,https://www.sofascore.com/football/match/balestier-khalsa-tanjong-pagar-united/NkbsOkb#id:11041358
48772,11041386,https://www.sofascore.com/football/match/balestier-khalsa-tanjong-pagar-united/NkbsOkb#id:11041386
48772,11041404,https://www.sofascore.com/football/match/balestier-khalsa-tanjong-pagar-united/NkbsOkb#id:11041404
48772,15035359,https://www.sofascore.com/football/match/bournemouth-manchester-united/Kkb#id:15035359
48772,11041341,https://www.sofascore.com/football/match/brunei-dpmm-fc-albirex-niigata-singapore/GGnsKGn#id:11041341
48772,11041346,https://www.sofascore.com/football/match/brunei-dpmm-fc-albirex-niigata-singapore/GGnsKGn#id:11041346
48772,11041395,https://www.sofascore.com/football/match/brunei-dpmm-fc-albirex-niigata-singapore/GGnsKGn#id:11041395
48772,11041357,https://www.sofascore.com/football/match/brunei-dpmm-fc-balestier-khalsa/OkbsKGn#id:11041357
48772,11041363,https://www.sofascore.com/football/match/brunei-dpmm-fc-balestier-khalsa/OkbsKGn#id:11041363
48772,11041399,https://www.sofascore.com/football/match/brunei-dpmm-fc-balestier-khalsa/OkbsKGn#id:11041399
48772,11041327,https://www.sofascore.com/football/match/brunei-dpmm-fc-geylang-international/UkbsKGn#id:11041327
48772,11041339,https://www.sofascore.com/football/match/brunei-dpmm-fc-geylang-international/UkbsKGn#id:11041339
48772,11041409,https://www.sofascore.com/football/match/brunei-dpmm-fc-geylang-international/UkbsKGn#id:11041409
48772,11041312,https://www.sofascore.com/football/match/brunei-dpmm-fc-hougang-united/IGnsKGn#id:11041312
48772,11041355,https://www.sofascore.com/football/match/brunei-dpmm-fc-hougang-united/IGnsKGn#id:11041355
48772,11041380,https://www.sofascore.com/football/match/brunei-dpmm-fc-hougang-united/IGnsKGn#id:11041380
48772,11041322,https://www.sofascore.com/football/match/brunei-dpmm-fc-lion-city-sailors/QkbsKGn#id:11041322
48772,11041369,https://www.sofascore.com/football/match/brunei-dpmm-fc-lion-city-sailors/QkbsKGn#id:11041369
48772,11041405,https://www.sofascore.com/football/match/brunei-dpmm-fc-lion-city-sailors/QkbsKGn#id:11041405
48772,11041313,https://www.sofascore.com/football/match/brunei-dpmm-fc-tampines-rovers/TkbsKGn#id:11041313
48772,11041364,https://www.sofascore.com/football/match/brunei-dpmm-fc-tampines-rovers/TkbsKGn#id:11041364
48772,11041371,https://www.sofascore.com/football/match/brunei-dpmm-fc-tampines-rovers/TkbsKGn#id:11041371
48772,11041321,https://www.sofascore.com/football/match/brunei-dpmm-fc-tanjong-pagar-united/NkbsKGn#id:11041321
48772,11041392,https://www.sofascore.com/football/match/brunei-dpmm-fc-tanjong-pagar-united/NkbsKGn#id:11041392
48772,11041426,https://www.sofascore.com/football/match/brunei-dpmm-fc-tanjong-pagar-united/NkbsKGn#id:11041426
48772,11557830,https://www.sofascore.com/football/match/brunei-dpmm-fc-tanjong-pagar-united/NkbsKGn#id:11557830
48772,11041326,https://www.sofascore.com/football/match/brunei-dpmm-fc-young-lions/HGnsKGn#id:11041326
48772,11041329,https://www.sofascore.com/football/match/brunei-dpmm-fc-young-lions/HGnsKGn#id:11041329
48772,11041377,https://www.sofascore.com/football/match/brunei-dpmm-fc-young-lions/HGnsKGn#id:11041377
48772,15200524,https://www.sofascore.com/football/match/cf-talavera-real-madrid/EgbstQFb#id:15200524
48772,14025220,https://www.sofascore.com/football/match/everton-arsenal/RY#id:14025220
48772,11041318,https://www.sofascore.com/football/match/geylang-international-balestier-khalsa/OkbsUkb#id:11041318
48772,11041343,https://www.sofascore.com/football/match/geylang-international-balestier-khalsa/OkbsUkb#id:11041343
48772,11041373,https://www.sofascore.com/football/match/geylang-international-balestier-khalsa/OkbsUkb#id:11041373
48772,11041314,https://www.sofascore.com/football/match/geylang-international-lion-city-sailors/QkbsUkb#id:11041314
48772,11041393,https://www.sofascore.com/football/match/geylang-international-lion-city-sailors/QkbsUkb#id:11041393
48772,11041400,https://www.sofascore.com/football/match/geylang-international-lion-city-sailors/QkbsUkb#id:11041400
48772,11557825,https://www.sofascore.com/football/match/geylang-international-lion-city-sailors/QkbsUkb#id:11557825
48772,11041323,https://www.sofascore.com/football/match/geylang-international-tampines-rovers/TkbsUkb#id:11041323
48772,11041338,https://www.sofascore.com/football/match/geylang-international-tampines-rovers/TkbsUkb#id:11041338
48772,11041412,https://www.sofascore.com/football/match/geylang-international-tampines-rovers/TkbsUkb#id:11041412
48772,11041340,https://www.sofascore.com/football/match/geylang-international-tanjong-pagar-united/NkbsUkb#id:11041340
48772,11041361,https://www.sofascore.com/football/match/geylang-international-tanjong-pagar-united/NkbsUkb#id:11041361
48772,11041416,https://www.sofascore.com/football/match/geylang-international-tanjong-pagar-united/NkbsUkb#id:11041416
48772,15200513,https://www.sofascore.com/football/match/guadalajara-barcelona/rgbsFLj#id:15200513
48772,11041320,https://www.sofascore.com/football/match/hougang-united-albirex-niigata-singapore/GGnsIGn#id:11041320
48772,11041394,https://www.sofascore.com/football/match/hougang-united-albirex-niigata-singapore/GGnsIGn#id:11041394
48772,11041420,https://www.sofascore.com/football/match/hougang-united-albirex-niigata-singapore/GGnsIGn#id:11041420
48772,11561285,https://www.sofascore.com/football/match/hougang-united-albirex-niigata-singapore/GGnsIGn#id:11561285
48772,11041325,https://www.sofascore.com/football/match/hougang-united-balestier-khalsa/OkbsIGn#id:11041325
48772,11041332,https://www.sofascore.com/football/match/hougang-united-balestier-khalsa/OkbsIGn#id:11041332
48772,11041407,https://www.sofascore.com/football/match/hougang-united-balestier-khalsa/OkbsIGn#id:11041407
48772,11041345,https://www.sofascore.com/football/match/hougang-united-geylang-international/UkbsIGn#id:11041345
48772,11041370,https://www.sofascore.com/football/match/hougang-united-geylang-international/UkbsIGn#id:11041370
48772,11041431,https://www.sofascore.com/football/match/hougang-united-geylang-international/UkbsIGn#id:11041431
48772,11041331,https://www.sofascore.com/football/match/hougang-united-lion-city-sailors/QkbsIGn#id:11041331
48772,11041333,https://www.sofascore.com/football/match/hougang-united-lion-city-sailors/QkbsIGn#id:11041333
48772,11041375,https://www.sofascore.com/football/match/hougang-united-lion-city-sailors/QkbsIGn#id:11041375
48772,11041352,https://www.sofascore.com/football/match/hougang-united-tampines-rovers/TkbsIGn#id:11041352
48772,11041372,https://www.sofascore.com/football/match/hougang-united-tampines-rovers/TkbsIGn#id:11041372
48772,11041376,https://www.sofascore.com/football/match/hougang-united-tampines-rovers/TkbsIGn#id:11041376
48772,11041349,https://www.sofascore.com/football/match/hougang-united-tanjong-pagar-united/NkbsIGn#id:11041349
48772,11041379,https://www.sofascore.com/football/match/hougang-united-tanjong-pagar-united/NkbsIGn#id:11041379
48772,11041391,https://www.sofascore.com/football/match/hougang-united-tanjong-pagar-united/NkbsIGn#id:11041391
48772,11041330,https://www.sofascore.com/football/match/hougang-united-young-lions/HGnsIGn#id:11041330
48772,11041360,https://www.sofascore.com/football/match/hougang-united-young-lions/HGnsIGn#id:11041360
48772,11041408,https://www.sofascore.com/football/match/hougang-united-young-lions/HGnsIGn#id:11041408
48772,11041316,https://www.sofascore.com/football/match/lion-city-sailors-balestier-khalsa/OkbsQkb#id:11041316
48772,11041359,https://www.sofascore.com/football/match/lion-city-sailors-balestier-khalsa/OkbsQkb#id:11041359
48772,11041390,https://www.sofascore.com/football/match/lion-city-sailors-balestier-khalsa/OkbsQkb#id:11041390
48772,11041324,https://www.sofascore.com/football/match/lion-city-sailors-tanjong-pagar-united/NkbsQkb#id:11041324
48772,11041336,https://www.sofascore.com/football/match/lion-city-sailors-tanjong-pagar-united/NkbsQkb#id:11041336
48772,11041411,https://www.sofascore.com/football/match/lion-city-sailors-tanjong-pagar-united/NkbsQkb#id:11041411
48772,14025230,https://www.sofascore.com/football/match/liverpool-tottenham-hotspur/IsU#id:14025230
48772,14025228,https://www.sofascore.com/football/match/newcastle-united-chelsea/NO#id:14025228
48772,14083185,https://www.sofascore.com/football/match/sevilla-real-madrid/EgbsIgb#id:14083185
48772,11041310,https://www.sofascore.com/football/match/tampines-rovers-balestier-khalsa/OkbsTkb#id:11041310
48772,11041402,https://www.sofascore.com/football/match/tampines-rovers-balestier-khalsa/OkbsTkb#id:11041402
48772,11041428,https://www.sofascore.com/football/match/tampines-rovers-balestier-khalsa/OkbsTkb#id:11041428
48772,11561284,https://www.sofascore.com/football/match/tampines-rovers-balestier-khalsa/OkbsTkb#id:11561284
48772,11041337,https://www.sofascore.com/football/match/tampines-rovers-lion-city-sailors/QkbsTkb#id:11041337
48772,11041365,https://www.sofascore.com/football/match/tampines-rovers-lion-city-sailors/QkbsTkb#id:11041365
48772,11041381,https://www.sofascore.com/football/match/tampines-rovers-lion-city-sailors/QkbsTkb#id:11041381
48772,11041334,https://www.sofascore.com/football/match/tampines-rovers-tanjong-pagar-united/NkbsTkb#id:11041334
48772,11041368,https://www.sofascore.com/football/match/tampines-rovers-tanjong-pagar-united/NkbsTkb#id:11041368
48772,11041432,https://www.sofascore.com/football/match/tampines-rovers-tanjong-pagar-united/NkbsTkb#id:11041432
48772,14025226,https://www.sofascore.com/football/match/west-ham-united-manchester-city/rM#id:14025226
48772,11041317,https://www.sofascore.com/football/match/young-lions-albirex-niigata-singapore/GGnsHGn#id:11041317
48772,11041366,https://www.sofascore.com/football/match/young-lions-albirex-niigata-singapore/GGnsHGn#id:11041366
48772,11041410,https://www.sofascore.com/football/match/young-lions-albirex-niigata-singapore/GGnsHGn#id:11041410
48772,11041353,https://www.sofascore.com/football/match/young-lions-balestier-khalsa/OkbsHGn#id:11041353
48772,11041396,https://www.sofascore.com/football/match/young-lions-balestier-khalsa/OkbsHGn#id:11041396
48772,11041417,https://www.sofascore.com/football/match/young-lions-balestier-khalsa/OkbsHGn#id:11041417
48772,11041311,https://www.sofascore.com/football/match/young-lions-geylang-international/UkbsHGn#id:11041311
48772,11041367,https://www.sofascore.com/football/match/young-lions-geylang-international/UkbsHGn#id:11041367
48772,11041433,https://www.sofascore.com/football/match/young-lions-geylang-international/UkbsHGn#id:11041433
48772,11041347,https://www.sofascore.com/football/match/young-lions-lion-city-sailors/QkbsHGn#id:11041347
48772,11041356,https://www.sofascore.com/football/match/young-lions-lion-city-sailors/QkbsHGn#id:11041356
48772,11041374,https://www.sofascore.com/football/match/young-lions-lion-city-sailors/QkbsHGn#id:11041374
48772,11041351,https://www.sofascore.com/football/match/young-lions-tampines-rovers/TkbsHGn#id:11041351
48772,11041398,https://www.sofascore.com/football/match/young-lions-tampines-rovers/TkbsHGn#id:11041398
48772,11041406,https://www.sofascore.com/football/match/young-lions-tampines-rovers/TkbsHGn#id:11041406
48772,11041354,https://www.sofascore.com/football/match/young-lions-tanjong-pagar-united/NkbsHGn#id:11041354
48772,11041384,https://www.sofascore.com/football/match/young-lions-tanjong-pagar-united/NkbsHGn#id:11041384
48772,11041388,https://www.sofascore.com/football/match/young-lions-tanjong-pagar-united/NkbsHGn#id:11041388
